source_stage,source_country,target_stage,target_country,value
impact_sector,copper mining,impact_region,Australia,1703805.46502698
impact_sector,copper mining,impact_region,Belgium,0.0
impact_sector,copper mining,impact_region,Brazil,22912594.105454408
impact_sector,copper mining,impact_region,Bulgaria,2526260.6090784
impact_sector,copper mining,impact_region,Canada,7748660.176288203
impact_sector,copper mining,impact_region,China,8732355.192374378
impact_sector,copper mining,impact_region,Germany,0.0
impact_sector,copper mining,impact_region,India,11325472.109827854
impact_sector,copper mining,impact_region,Indonesia,509878.6462657903
impact_sector,copper mining,impact_region,Japan,1056534.8633907086
impact_sector,copper mining,impact_region,Mexico,888549.4738099675
impact_sector,copper mining,impact_region,Netherlands,20375920.85245009
impact_sector,copper mining,impact_region,Poland,32140366.176988624
impact_sector,copper mining,impact_region,South Korea,16651.569896386118
impact_sector,copper mining,impact_region,Russia,4426684.18558242
impact_sector,copper mining,impact_region,Spain,169172.27764653417
impact_sector,copper mining,impact_region,USA,10840263.942231996
impact_sector,copper mining,impact_region,RoW Asia Pacific,32292831.266527455
impact_sector,copper mining,impact_region,RoW America,5357648.6110962
impact_sector,copper mining,impact_region,RoW Africa,45176703.39538459
impact_sector,copper mining,impact_region,RoW Middle East,107082657.17066114
impact_sector,copper mining,impact_region,RoW Europe,17101148.084761508
impact_sector,copper processing,impact_region,Australia,2965852.122989317
impact_sector,copper processing,impact_region,Belgium,1981341.1251342078
impact_sector,copper processing,impact_region,Brazil,3892158.980972402
impact_sector,copper processing,impact_region,Bulgaria,835664.0967711612
impact_sector,copper processing,impact_region,Canada,2649673.1917384514
impact_sector,copper processing,impact_region,China,54781734.68095115
impact_sector,copper processing,impact_region,Germany,12162694.79015094
impact_sector,copper processing,impact_region,India,1982079.614370989
impact_sector,copper processing,impact_region,Indonesia,31408251.139152087
impact_sector,copper processing,impact_region,Japan,1400343.9577644912
impact_sector,copper processing,impact_region,Mexico,1688827.7027428355
impact_sector,copper processing,impact_region,Netherlands,4815090.815576089
impact_sector,copper processing,impact_region,Poland,3054526.421082155
impact_sector,copper processing,impact_region,South Korea,2429436.383856294
impact_sector,copper processing,impact_region,Russia,1411239.3457392803
impact_sector,copper processing,impact_region,Spain,1996760.0899791664
impact_sector,copper processing,impact_region,USA,8099995.875622854
impact_sector,copper processing,impact_region,RoW Asia Pacific,9968454.48308933
impact_sector,copper processing,impact_region,RoW America,3130728.2888720455
impact_sector,copper processing,impact_region,RoW Africa,3768836.749580845
impact_sector,copper processing,impact_region,RoW Middle East,5093068.266775415
impact_sector,copper processing,impact_region,RoW Europe,23640146.84024121
impact_sector,fossil fuel extraction,impact_region,Australia,10884208.077419117
impact_sector,fossil fuel extraction,impact_region,Belgium,62630.39881251231
impact_sector,fossil fuel extraction,impact_region,Brazil,9149378.262376852
impact_sector,fossil fuel extraction,impact_region,Bulgaria,607333.5656140437
impact_sector,fossil fuel extraction,impact_region,Canada,1811856.1589880805
impact_sector,fossil fuel extraction,impact_region,China,26424147.156584673
impact_sector,fossil fuel extraction,impact_region,Germany,1154906.6761177066
impact_sector,fossil fuel extraction,impact_region,India,40608134.8105278
impact_sector,fossil fuel extraction,impact_region,Indonesia,8707382.874111483
impact_sector,fossil fuel extraction,impact_region,Japan,279992.63477136544
impact_sector,fossil fuel extraction,impact_region,Mexico,1984688.177129776
impact_sector,fossil fuel extraction,impact_region,Netherlands,209720.65853594986
impact_sector,fossil fuel extraction,impact_region,Poland,4720606.488160045
impact_sector,fossil fuel extraction,impact_region,South Korea,227237.0374138526
impact_sector,fossil fuel extraction,impact_region,Russia,23268419.80196106
impact_sector,fossil fuel extraction,impact_region,Spain,176479.15122275526
impact_sector,fossil fuel extraction,impact_region,USA,8424398.800774708
impact_sector,fossil fuel extraction,impact_region,RoW Asia Pacific,11316380.690782184
impact_sector,fossil fuel extraction,impact_region,RoW America,11167902.213009749
impact_sector,fossil fuel extraction,impact_region,RoW Africa,15169853.659775445
impact_sector,fossil fuel extraction,impact_region,RoW Middle East,13289270.83752399
impact_sector,fossil fuel extraction,impact_region,RoW Europe,8281459.004330896
impact_sector,other mining,impact_region,Australia,755750.0864831652
impact_sector,other mining,impact_region,Belgium,147018.09998615482
impact_sector,other mining,impact_region,Brazil,1045920.9343060001
impact_sector,other mining,impact_region,Bulgaria,266950.3101354882
impact_sector,other mining,impact_region,Canada,3356209.9198578913
impact_sector,other mining,impact_region,China,2711191.80680735
impact_sector,other mining,impact_region,Germany,198974.7747211267
impact_sector,other mining,impact_region,India,326661.81835301855
impact_sector,other mining,impact_region,Indonesia,52383.36791251553
impact_sector,other mining,impact_region,Japan,1727372.0551584088
impact_sector,other mining,impact_region,Mexico,118317.57433910637
impact_sector,other mining,impact_region,Netherlands,10498.078917843772
impact_sector,other mining,impact_region,Poland,2798623.5846459866
impact_sector,other mining,impact_region,South Korea,69720.6310968467
impact_sector,other mining,impact_region,Russia,861850.359394002
impact_sector,other mining,impact_region,Spain,60507.49248445746
impact_sector,other mining,impact_region,USA,1718643.7544478585
impact_sector,other mining,impact_region,RoW Asia Pacific,9050514.69909952
impact_sector,other mining,impact_region,RoW America,12597853.40450712
impact_sector,other mining,impact_region,RoW Africa,3138451.1156341964
impact_sector,other mining,impact_region,RoW Middle East,7996368.038592252
impact_sector,other mining,impact_region,RoW Europe,2876491.0857147137
impact_sector,manufacturing,impact_region,Australia,3324146.3597736545
impact_sector,manufacturing,impact_region,Belgium,3373693.0818270245
impact_sector,manufacturing,impact_region,Brazil,6972431.148622389
impact_sector,manufacturing,impact_region,Bulgaria,645458.2350436081
impact_sector,manufacturing,impact_region,Canada,2468599.2672186163
impact_sector,manufacturing,impact_region,China,37097178.69143042
impact_sector,manufacturing,impact_region,Germany,10724306.342489269
impact_sector,manufacturing,impact_region,India,7146772.642129966
impact_sector,manufacturing,impact_region,Indonesia,1046767.542169068
impact_sector,manufacturing,impact_region,Japan,2250355.5222749263
impact_sector,manufacturing,impact_region,Mexico,1883541.1708867932
impact_sector,manufacturing,impact_region,Netherlands,9753659.095826698
impact_sector,manufacturing,impact_region,Poland,9157637.45549352
impact_sector,manufacturing,impact_region,South Korea,1319706.7807829578
impact_sector,manufacturing,impact_region,Russia,13425302.383917676
impact_sector,manufacturing,impact_region,Spain,2002014.4200953268
impact_sector,manufacturing,impact_region,USA,4956401.43379367
impact_sector,manufacturing,impact_region,RoW Asia Pacific,15302599.33855154
impact_sector,manufacturing,impact_region,RoW America,5972693.585347187
impact_sector,manufacturing,impact_region,RoW Africa,3914516.9047013856
impact_sector,manufacturing,impact_region,RoW Middle East,3915296.517592554
impact_sector,manufacturing,impact_region,RoW Europe,17990521.125493925
impact_sector,electricity,impact_region,Australia,8898629.962031834
impact_sector,electricity,impact_region,Belgium,4988999.925919235
impact_sector,electricity,impact_region,Brazil,1583802.928534902
impact_sector,electricity,impact_region,Bulgaria,14210975.816595212
impact_sector,electricity,impact_region,Canada,3027210.9197430145
impact_sector,electricity,impact_region,China,120060520.88752857
impact_sector,electricity,impact_region,Germany,9013450.791387364
impact_sector,electricity,impact_region,India,1903841.8332023963
impact_sector,electricity,impact_region,Indonesia,1186952.8030222494
impact_sector,electricity,impact_region,Japan,6019638.45784337
impact_sector,electricity,impact_region,Mexico,5569972.152324065
impact_sector,electricity,impact_region,Netherlands,33312606.905347694
impact_sector,electricity,impact_region,Poland,1167435.7621027858
impact_sector,electricity,impact_region,South Korea,3665562.9526989665
impact_sector,electricity,impact_region,Russia,816635.4761939739
impact_sector,electricity,impact_region,Spain,2310058.120696979
impact_sector,electricity,impact_region,USA,11122113.81149808
impact_sector,electricity,impact_region,RoW Asia Pacific,27417991.597326115
impact_sector,electricity,impact_region,RoW America,20204180.873113714
impact_sector,electricity,impact_region,RoW Africa,16395101.35699232
impact_sector,electricity,impact_region,RoW Middle East,33349733.60921663
impact_sector,electricity,impact_region,RoW Europe,17054100.382719234
impact_sector,other utilities,impact_region,Australia,242197.65554989246
impact_sector,other utilities,impact_region,Belgium,299717.3327526672
impact_sector,other utilities,impact_region,Brazil,1003221.9077786367
impact_sector,other utilities,impact_region,Bulgaria,747242.971394382
impact_sector,other utilities,impact_region,Canada,87368.60954309296
impact_sector,other utilities,impact_region,China,9260959.9111826
impact_sector,other utilities,impact_region,Germany,4644473.935005372
impact_sector,other utilities,impact_region,India,69966.58694400781
impact_sector,other utilities,impact_region,Indonesia,660764.7155273913
impact_sector,other utilities,impact_region,Japan,77549.25934494735
impact_sector,other utilities,impact_region,Mexico,45475.702782748034
impact_sector,other utilities,impact_region,Netherlands,2739560.136621307
impact_sector,other utilities,impact_region,Poland,41746664.83149041
impact_sector,other utilities,impact_region,South Korea,1161200.132252614
impact_sector,other utilities,impact_region,Russia,12349118.182116024
impact_sector,other utilities,impact_region,Spain,53635.807940332
impact_sector,other utilities,impact_region,USA,393205.6791938638
impact_sector,other utilities,impact_region,RoW Asia Pacific,5688612.294468772
impact_sector,other utilities,impact_region,RoW America,122652.82431983808
impact_sector,other utilities,impact_region,RoW Africa,192370.5544194934
impact_sector,other utilities,impact_region,RoW Middle East,27166.90606474504
impact_sector,other utilities,impact_region,RoW Europe,15271565.548854772
impact_sector,construction,impact_region,Australia,19116.376457023984
impact_sector,construction,impact_region,Belgium,21956.900063550725
impact_sector,construction,impact_region,Brazil,369.63608845953
impact_sector,construction,impact_region,Bulgaria,32329.178317924467
impact_sector,construction,impact_region,Canada,16415.561034409046
impact_sector,construction,impact_region,China,8386.402830708093
impact_sector,construction,impact_region,Germany,17933.67095269528
impact_sector,construction,impact_region,India,19492.64716781566
impact_sector,construction,impact_region,Indonesia,857.8616173112437
impact_sector,construction,impact_region,Japan,5168.416767910507
impact_sector,construction,impact_region,Mexico,2740.49950034904
impact_sector,construction,impact_region,Netherlands,180991.28006222108
impact_sector,construction,impact_region,Poland,37070.121109185195
impact_sector,construction,impact_region,South Korea,919.8434852226537
impact_sector,construction,impact_region,Russia,178190.10916050017
impact_sector,construction,impact_region,Spain,6149.680408953392
impact_sector,construction,impact_region,USA,14451.324795023094
impact_sector,construction,impact_region,RoW Asia Pacific,120270.18454182817
impact_sector,construction,impact_region,RoW America,55985.17789178737
impact_sector,construction,impact_region,RoW Africa,60910.237808896665
impact_sector,construction,impact_region,RoW Middle East,34870.33467575358
impact_sector,construction,impact_region,RoW Europe,118257.64502788079
impact_sector,transportation,impact_region,Australia,825213.8070978471
impact_sector,transportation,impact_region,Belgium,1555175.0982050614
impact_sector,transportation,impact_region,Brazil,806164.5142998763
impact_sector,transportation,impact_region,Bulgaria,244775.0072748308
impact_sector,transportation,impact_region,Canada,1182986.5422621816
impact_sector,transportation,impact_region,China,4851036.412944527
impact_sector,transportation,impact_region,Germany,16545397.784474587
impact_sector,transportation,impact_region,India,1566092.0693755976
impact_sector,transportation,impact_region,Indonesia,1557552.3185882191
impact_sector,transportation,impact_region,Japan,3312183.4966726885
impact_sector,transportation,impact_region,Mexico,119590.04596141496
impact_sector,transportation,impact_region,Netherlands,2639525.460999153
impact_sector,transportation,impact_region,Poland,222259.0496932274
impact_sector,transportation,impact_region,South Korea,875211.5003051929
impact_sector,transportation,impact_region,Russia,14300840.122494526
impact_sector,transportation,impact_region,Spain,361634.4866007615
impact_sector,transportation,impact_region,USA,2641756.427396302
impact_sector,transportation,impact_region,RoW Asia Pacific,6845032.620116775
impact_sector,transportation,impact_region,RoW America,1377468.4400782362
impact_sector,transportation,impact_region,RoW Africa,479467.3129444127
impact_sector,transportation,impact_region,RoW Middle East,2510961.402308023
impact_sector,transportation,impact_region,RoW Europe,15693356.847705146
impact_sector,waste,impact_region,Australia,1734869.7288490215
impact_sector,waste,impact_region,Belgium,5456642.792209962
impact_sector,waste,impact_region,Brazil,2052766.9373962288
impact_sector,waste,impact_region,Bulgaria,1731497.39119799
impact_sector,waste,impact_region,Canada,293433.90024512395
impact_sector,waste,impact_region,China,2460593.5632407474
impact_sector,waste,impact_region,Germany,971371.4341546574
impact_sector,waste,impact_region,India,1143793.9605580498
impact_sector,waste,impact_region,Indonesia,857683.3631664221
impact_sector,waste,impact_region,Japan,252963.92626557354
impact_sector,waste,impact_region,Mexico,549205.525371812
impact_sector,waste,impact_region,Netherlands,40947370.504061006
impact_sector,waste,impact_region,Poland,4278727.653505311
impact_sector,waste,impact_region,South Korea,461155.18895803613
impact_sector,waste,impact_region,Russia,10157616.843970751
impact_sector,waste,impact_region,Spain,1445145.3065172713
impact_sector,waste,impact_region,USA,2619710.566197164
impact_sector,waste,impact_region,RoW Asia Pacific,7018850.330687279
impact_sector,waste,impact_region,RoW America,9759051.495801928
impact_sector,waste,impact_region,RoW Africa,5770201.016907053
impact_sector,waste,impact_region,RoW Middle East,3521827.7985933074
impact_sector,waste,impact_region,RoW Europe,49107781.88700242
impact_sector,other_sec,impact_region,Australia,1017048.6362732879
impact_sector,other_sec,impact_region,Belgium,1241475.0536440178
impact_sector,other_sec,impact_region,Brazil,965084.6276373474
impact_sector,other_sec,impact_region,Bulgaria,296760.6680496565
impact_sector,other_sec,impact_region,Canada,608251.6337346471
impact_sector,other_sec,impact_region,China,7364878.802692784
impact_sector,other_sec,impact_region,Germany,1222026.4435196894
impact_sector,other_sec,impact_region,India,1407415.3426909796
impact_sector,other_sec,impact_region,Indonesia,732485.1018722691
impact_sector,other_sec,impact_region,Japan,187883.4836466509
impact_sector,other_sec,impact_region,Mexico,135646.0588561938
impact_sector,other_sec,impact_region,Netherlands,4209735.189835594
impact_sector,other_sec,impact_region,Poland,1101629.7182401456
impact_sector,other_sec,impact_region,South Korea,302177.7825481673
impact_sector,other_sec,impact_region,Russia,4723235.479871729
impact_sector,other_sec,impact_region,Spain,330403.2982675914
impact_sector,other_sec,impact_region,USA,1927463.405247063
impact_sector,other_sec,impact_region,RoW Asia Pacific,10952287.02928375
impact_sector,other_sec,impact_region,RoW America,8682000.23804775
impact_sector,other_sec,impact_region,RoW Africa,16632212.586116584
impact_sector,other_sec,impact_region,RoW Middle East,4411007.170266363
impact_sector,other_sec,impact_region,RoW Europe,9064439.552203285
impact_region,Australia,production,Australia,12060747.725020599
impact_region,Australia,production,Belgium,336839.3463968105
impact_region,Australia,production,Brazil,113537.6432094401
impact_region,Australia,production,Bulgaria,78980.64598340864
impact_region,Australia,production,Canada,32238.51992934166
impact_region,Australia,production,China,2790493.5290421247
impact_region,Australia,production,Germany,822798.8806745266
impact_region,Australia,production,India,2382245.6525286078
impact_region,Australia,production,Indonesia,39381.213231083646
impact_region,Australia,production,Japan,1082919.1633035026
impact_region,Australia,production,Mexico,11731.852380507493
impact_region,Australia,production,Netherlands,8402738.073795807
impact_region,Australia,production,Poland,58867.775471583576
impact_region,Australia,production,South Korea,677401.1893815098
impact_region,Australia,production,Russia,40558.39688041239
impact_region,Australia,production,Spain,104489.86210945017
impact_region,Australia,production,USA,169506.26375225192
impact_region,Australia,production,RoW Asia Pacific,1181077.4776914436
impact_region,Australia,production,RoW America,221528.3598358626
impact_region,Australia,production,RoW Africa,75897.68079837176
impact_region,Australia,production,RoW Middle East,160207.73318355082
impact_region,Australia,production,RoW Europe,1526651.2933509448
impact_region,Belgium,production,Australia,2955.246445190539
impact_region,Belgium,production,Belgium,8949132.205324112
impact_region,Belgium,production,Brazil,11014.43773826358
impact_region,Belgium,production,Bulgaria,22942.741974161854
impact_region,Belgium,production,Canada,8876.957370327611
impact_region,Belgium,production,China,196654.61464716797
impact_region,Belgium,production,Germany,2382371.773399873
impact_region,Belgium,production,India,18385.70947760947
impact_region,Belgium,production,Indonesia,3324.856921284061
impact_region,Belgium,production,Japan,16425.47677398724
impact_region,Belgium,production,Mexico,4107.270202749955
impact_region,Belgium,production,Netherlands,5469366.2643350195
impact_region,Belgium,production,Poland,76901.85534916428
impact_region,Belgium,production,South Korea,23185.336645983854
impact_region,Belgium,production,Russia,14808.317606299146
impact_region,Belgium,production,Spain,72382.59130531074
impact_region,Belgium,production,USA,66112.38920785107
impact_region,Belgium,production,RoW Asia Pacific,48310.510361601635
impact_region,Belgium,production,RoW America,25277.933427003256
impact_region,Belgium,production,RoW Africa,198699.0007905327
impact_region,Belgium,production,RoW Middle East,46795.19519747466
impact_region,Belgium,production,RoW Europe,1470619.1240534254
impact_region,Brazil,production,Australia,12053.533923745566
impact_region,Brazil,production,Belgium,1058274.0026716269
impact_region,Brazil,production,Brazil,24123437.50073937
impact_region,Brazil,production,Bulgaria,1312496.5376470126
impact_region,Brazil,production,Canada,264055.8824599134
impact_region,Brazil,production,China,2807120.5890025645
impact_region,Brazil,production,Germany,6226510.307893864
impact_region,Brazil,production,India,461631.2855019642
impact_region,Brazil,production,Indonesia,7356.427639227392
impact_region,Brazil,production,Japan,88361.26134442819
impact_region,Brazil,production,Mexico,28395.22800409317
impact_region,Brazil,production,Netherlands,4556959.064133091
impact_region,Brazil,production,Poland,126553.83088788466
impact_region,Brazil,production,South Korea,768364.8180252216
impact_region,Brazil,production,Russia,25976.312611835
impact_region,Brazil,production,Spain,1634113.9109504467
impact_region,Brazil,production,USA,514711.0504098334
impact_region,Brazil,production,RoW Asia Pacific,502563.7469836273
impact_region,Brazil,production,RoW America,1240614.7749090209
impact_region,Brazil,production,RoW Africa,160811.76085878705
impact_region,Brazil,production,RoW Middle East,181989.4520028916
impact_region,Brazil,production,RoW Europe,4281542.704867049
impact_region,Bulgaria,production,Australia,2668.5179283072025
impact_region,Bulgaria,production,Belgium,1912079.6170794729
impact_region,Bulgaria,production,Brazil,2140.3647260855187
impact_region,Bulgaria,production,Bulgaria,9728335.73198491
impact_region,Bulgaria,production,Canada,67496.28384103118
impact_region,Bulgaria,production,China,805864.342877411
impact_region,Bulgaria,production,Germany,4565581.349467013
impact_region,Bulgaria,production,India,5522.28126643491
impact_region,Bulgaria,production,Indonesia,1470.4420714525947
impact_region,Bulgaria,production,Japan,6391.652123962542
impact_region,Bulgaria,production,Mexico,3958.4704180172043
impact_region,Bulgaria,production,Netherlands,2359367.0311517427
impact_region,Bulgaria,production,Poland,81123.15630075798
impact_region,Bulgaria,production,South Korea,37190.221676675756
impact_region,Bulgaria,production,Russia,14414.255511834786
impact_region,Bulgaria,production,Spain,56234.31281681571
impact_region,Bulgaria,production,USA,94954.41240051233
impact_region,Bulgaria,production,RoW Asia Pacific,151543.38137562037
impact_region,Bulgaria,production,RoW America,43170.530691070955
impact_region,Bulgaria,production,RoW Africa,80986.69829616272
impact_region,Bulgaria,production,RoW Middle East,81524.1367699979
impact_region,Bulgaria,production,RoW Europe,2043230.6586974058
impact_region,Canada,production,Australia,11229.813576128814
impact_region,Canada,production,Belgium,801658.5201409538
impact_region,Canada,production,Brazil,44370.32357509776
impact_region,Canada,production,Bulgaria,182673.62549255945
impact_region,Canada,production,Canada,6552231.825458943
impact_region,Canada,production,China,1365699.533321152
impact_region,Canada,production,Germany,2026197.306165687
impact_region,Canada,production,India,262661.55344269954
impact_region,Canada,production,Indonesia,9700.474948678448
impact_region,Canada,production,Japan,994064.5532307508
impact_region,Canada,production,Mexico,56439.67045873129
impact_region,Canada,production,Netherlands,4249910.496483688
impact_region,Canada,production,Poland,39553.15576373672
impact_region,Canada,production,South Korea,929914.3899383504
impact_region,Canada,production,Russia,16064.31832203307
impact_region,Canada,production,Spain,239113.55771281355
impact_region,Canada,production,USA,1752506.944639852
impact_region,Canada,production,RoW Asia Pacific,336340.5735416795
impact_region,Canada,production,RoW America,474277.9830628817
impact_region,Canada,production,RoW Africa,87212.46359615166
impact_region,Canada,production,RoW Middle East,70490.24657821484
impact_region,Canada,production,RoW Europe,2748354.5512029277
impact_region,China,production,Australia,349503.496490055
impact_region,China,production,Belgium,2728350.9173134277
impact_region,China,production,Brazil,327559.89567156223
impact_region,China,production,Bulgaria,370836.7414321564
impact_region,China,production,Canada,288504.0603851937
impact_region,China,production,China,224240227.9490035
impact_region,China,production,Germany,4625284.28443857
impact_region,China,production,India,495456.09919527784
impact_region,China,production,Indonesia,238830.24174646803
impact_region,China,production,Japan,709136.0561782853
impact_region,China,production,Mexico,256497.5450303118
impact_region,China,production,Netherlands,19859915.442743782
impact_region,China,production,Poland,636947.1256843398
impact_region,China,production,South Korea,1367476.5103182008
impact_region,China,production,Russia,416593.262781177
impact_region,China,production,Spain,569513.2176652341
impact_region,China,production,USA,1676661.0956751688
impact_region,China,production,RoW Asia Pacific,5138267.484692152
impact_region,China,production,RoW America,2006784.0844053319
impact_region,China,production,RoW Africa,864478.4961884727
impact_region,China,production,RoW Middle East,1266919.8972627996
impact_region,China,production,RoW Europe,5319239.604266475
impact_region,Germany,production,Australia,20399.18303352927
impact_region,Germany,production,Belgium,1913591.2984555853
impact_region,Germany,production,Brazil,98954.39988684726
impact_region,Germany,production,Bulgaria,136387.42898528912
impact_region,Germany,production,Canada,42087.29604494149
impact_region,Germany,production,China,965250.2209970084
impact_region,Germany,production,Germany,30143670.363321997
impact_region,Germany,production,India,103862.81224119048
impact_region,Germany,production,Indonesia,13881.147089597933
impact_region,Germany,production,Japan,82257.38285215633
impact_region,Germany,production,Mexico,71866.74070349727
impact_region,Germany,production,Netherlands,13789551.49105829
impact_region,Germany,production,Poland,651700.8190648756
impact_region,Germany,production,South Korea,119564.04078154803
impact_region,Germany,production,Russia,207568.45011715902
impact_region,Germany,production,Spain,923408.6318938229
impact_region,Germany,production,USA,395981.93518437806
impact_region,Germany,production,RoW Asia Pacific,284522.18553109944
impact_region,Germany,production,RoW America,170911.31874073023
impact_region,Germany,production,RoW Africa,224774.9906341216
impact_region,Germany,production,RoW Middle East,156752.86236940426
impact_region,Germany,production,RoW Europe,6138591.643986331
impact_region,India,production,Australia,51871.175211417016
impact_region,India,production,Belgium,1268215.3192389258
impact_region,India,production,Brazil,51796.68339034389
impact_region,India,production,Bulgaria,99072.13427541954
impact_region,India,production,Canada,67385.9846240681
impact_region,India,production,China,8540462.094728457
impact_region,India,production,Germany,1339934.8442310204
impact_region,India,production,India,45618771.95897032
impact_region,India,production,Indonesia,33061.83047195003
impact_region,India,production,Japan,116031.37439068271
impact_region,India,production,Mexico,38871.04060792395
impact_region,India,production,Netherlands,3402282.6004020483
impact_region,India,production,Poland,169947.23058866215
impact_region,India,production,South Korea,1319832.4550721785
impact_region,India,production,Russia,66901.56078135959
impact_region,India,production,Spain,159511.9582397673
impact_region,India,production,USA,360554.2986284882
impact_region,India,production,RoW Asia Pacific,1417096.440365157
impact_region,India,production,RoW America,165731.64600482144
impact_region,India,production,RoW Africa,356960.0892534342
impact_region,India,production,RoW Middle East,1596980.313976782
impact_region,India,production,RoW Europe,1258450.4016952503
impact_region,Indonesia,production,Australia,115135.73729682871
impact_region,Indonesia,production,Belgium,550055.5867278032
impact_region,Indonesia,production,Brazil,64205.60803461563
impact_region,Indonesia,production,Bulgaria,122189.11159761997
impact_region,Indonesia,production,Canada,26649.14035149807
impact_region,Indonesia,production,China,4389814.960460452
impact_region,Indonesia,production,Germany,598848.4285180771
impact_region,Indonesia,production,India,3899203.884676008
impact_region,Indonesia,production,Indonesia,26680762.461350773
impact_region,Indonesia,production,Japan,1783485.1574525991
impact_region,Indonesia,production,Mexico,13760.391034857068
impact_region,Indonesia,production,Netherlands,1368635.204088235
impact_region,Indonesia,production,Poland,41036.59640560177
impact_region,Indonesia,production,South Korea,1226193.0056905963
impact_region,Indonesia,production,Russia,86784.35997904318
impact_region,Indonesia,production,Spain,172764.45476253863
impact_region,Indonesia,production,USA,147383.32405040762
impact_region,Indonesia,production,RoW Asia Pacific,4508640.015666213
impact_region,Indonesia,production,RoW America,68549.39046134477
impact_region,Indonesia,production,RoW Africa,71408.37998247298
impact_region,Indonesia,production,RoW Middle East,191513.41002493756
impact_region,Indonesia,production,RoW Europe,593941.1247922811
impact_region,Japan,production,Australia,37316.90953171638
impact_region,Japan,production,Belgium,489415.3584224573
impact_region,Japan,production,Brazil,28793.396166988983
impact_region,Japan,production,Bulgaria,43242.60419967701
impact_region,Japan,production,Canada,24236.659675808954
impact_region,Japan,production,China,2329849.9455523184
impact_region,Japan,production,Germany,943664.6345846525
impact_region,Japan,production,India,95214.98237615304
impact_region,Japan,production,Indonesia,84666.26389347613
impact_region,Japan,production,Japan,8120929.211235322
impact_region,Japan,production,Mexico,30245.728969189007
impact_region,Japan,production,Netherlands,1371793.327498605
impact_region,Japan,production,Poland,60021.22775860198
impact_region,Japan,production,South Korea,302904.0185986503
impact_region,Japan,production,Russia,88827.17734383712
impact_region,Japan,production,Spain,51149.88081477129
impact_region,Japan,production,USA,201629.81276719001
impact_region,Japan,production,RoW Asia Pacific,1279285.409521188
impact_region,Japan,production,RoW America,128427.09594204322
impact_region,Japan,production,RoW Africa,52309.06695545461
impact_region,Japan,production,RoW Middle East,148474.79557118035
impact_region,Japan,production,RoW Europe,657588.5665217581
impact_region,Mexico,production,Australia,7039.189419826217
impact_region,Mexico,production,Belgium,391090.6154479012
impact_region,Mexico,production,Brazil,47721.455461936275
impact_region,Mexico,production,Bulgaria,15972.770905510852
impact_region,Mexico,production,Canada,109996.92885199956
impact_region,Mexico,production,China,1734589.7052272737
impact_region,Mexico,production,Germany,606907.5954546118
impact_region,Mexico,production,India,45655.03510645189
impact_region,Mexico,production,Indonesia,4253.240178895798
impact_region,Mexico,production,Japan,94939.0146756377
impact_region,Mexico,production,Mexico,5270328.365924274
impact_region,Mexico,production,Netherlands,1857595.4904309358
impact_region,Mexico,production,Poland,20445.26065822421
impact_region,Mexico,production,South Korea,160565.6575830458
impact_region,Mexico,production,Russia,14051.05386264631
impact_region,Mexico,production,Spain,70743.32231103968
impact_region,Mexico,production,USA,998185.866360159
impact_region,Mexico,production,RoW Asia Pacific,275183.4829444445
impact_region,Mexico,production,RoW America,685593.4678472901
impact_region,Mexico,production,RoW Africa,45594.71511401927
impact_region,Mexico,production,RoW Middle East,44141.79771139663
impact_region,Mexico,production,RoW Europe,485960.0522275408
impact_region,Netherlands,production,Australia,5948.598893810251
impact_region,Netherlands,production,Belgium,898193.8383423673
impact_region,Netherlands,production,Brazil,23658.8992987378
impact_region,Netherlands,production,Bulgaria,23675.493658788764
impact_region,Netherlands,production,Canada,11835.77516749259
impact_region,Netherlands,production,China,182669.3076615681
impact_region,Netherlands,production,Germany,1821272.606683176
impact_region,Netherlands,production,India,15245.547174558527
impact_region,Netherlands,production,Indonesia,8203.857469980072
impact_region,Netherlands,production,Japan,19621.86970270515
impact_region,Netherlands,production,Mexico,5058.904597665395
impact_region,Netherlands,production,Netherlands,114571426.79902072
impact_region,Netherlands,production,Poland,56284.28068645176
impact_region,Netherlands,production,South Korea,22191.178741473257
impact_region,Netherlands,production,Russia,44122.49684435522
impact_region,Netherlands,production,Spain,60899.628821291655
impact_region,Netherlands,production,USA,60635.65350247241
impact_region,Netherlands,production,RoW Asia Pacific,73880.80635763754
impact_region,Netherlands,production,RoW America,50525.00826333499
impact_region,Netherlands,production,RoW Africa,69995.2859428184
impact_region,Netherlands,production,RoW Middle East,49209.27925531515
impact_region,Netherlands,production,RoW Europe,1120123.8621469503
impact_region,Poland,production,Australia,17973.57535528164
impact_region,Poland,production,Belgium,689716.985000997
impact_region,Poland,production,Brazil,7980.876459247144
impact_region,Poland,production,Bulgaria,143444.9005903586
impact_region,Poland,production,Canada,25218.066992677752
impact_region,Poland,production,China,2178712.26108879
impact_region,Poland,production,Germany,8126361.6329323705
impact_region,Poland,production,India,25282.17672584269
impact_region,Poland,production,Indonesia,2979.0604280571197
impact_region,Poland,production,Japan,46191.51117578023
impact_region,Poland,production,Mexico,10954.844932959424
impact_region,Poland,production,Netherlands,4046120.0603900114
impact_region,Poland,production,Poland,74650115.45346782
impact_region,Poland,production,South Korea,164110.22553051508
impact_region,Poland,production,Russia,45966.92551023243
impact_region,Poland,production,Spain,3574798.3525142404
impact_region,Poland,production,USA,144983.0756429024
impact_region,Poland,production,RoW Asia Pacific,409859.32872398733
impact_region,Poland,production,RoW America,29074.956256631787
impact_region,Poland,production,RoW Africa,260671.59046813537
impact_region,Poland,production,RoW Middle East,125875.45236278602
impact_region,Poland,production,RoW Europe,5699155.9499617815
impact_region,South Korea,production,Australia,33417.59707572582
impact_region,South Korea,production,Belgium,126934.530279059
impact_region,South Korea,production,Brazil,21290.867992523257
impact_region,South Korea,production,Bulgaria,21997.31847779578
impact_region,South Korea,production,Canada,16171.250526743419
impact_region,South Korea,production,China,1270164.613422993
impact_region,South Korea,production,Germany,345731.9127608169
impact_region,South Korea,production,India,43475.602077034666
impact_region,South Korea,production,Indonesia,12625.420304957006
impact_region,South Korea,production,Japan,96378.02494553284
impact_region,South Korea,production,Mexico,20949.89508271719
impact_region,South Korea,production,Netherlands,568947.3820443664
impact_region,South Korea,production,Poland,42686.42648920309
impact_region,South Korea,production,South Korea,6403539.561449287
impact_region,South Korea,production,Russia,52242.26346386974
impact_region,South Korea,production,Spain,26344.988587869422
impact_region,South Korea,production,USA,132401.52297476752
impact_region,South Korea,production,RoW Asia Pacific,731985.9948677879
impact_region,South Korea,production,RoW America,118024.09568059586
impact_region,South Korea,production,RoW Africa,42106.70661160846
impact_region,South Korea,production,RoW Middle East,112072.488957477
impact_region,South Korea,production,RoW Europe,289491.33922180376
impact_region,Russia,production,Australia,37768.44608469558
impact_region,Russia,production,Belgium,1145306.552341788
impact_region,Russia,production,Brazil,165439.67351988552
impact_region,Russia,production,Bulgaria,648797.9209118871
impact_region,Russia,production,Canada,61379.537815017655
impact_region,Russia,production,China,4722395.702640515
impact_region,Russia,production,Germany,4786912.871777745
impact_region,Russia,production,India,404218.58972197626
impact_region,Russia,production,Indonesia,24478.51577220873
impact_region,Russia,production,Japan,207484.09153872324
impact_region,Russia,production,Mexico,30497.522628401286
impact_region,Russia,production,Netherlands,29604042.019328482
impact_region,Russia,production,Poland,1618764.4490284696
impact_region,Russia,production,South Korea,435592.86340152356
impact_region,Russia,production,Russia,29118872.320948143
impact_region,Russia,production,Spain,322297.70561038563
impact_region,Russia,production,USA,297088.1901882863
impact_region,Russia,production,RoW Asia Pacific,1197067.1047339863
impact_region,Russia,production,RoW America,652066.4394930104
impact_region,Russia,production,RoW Africa,577216.6064506929
impact_region,Russia,production,RoW Middle East,833428.116850652
impact_region,Russia,production,RoW Europe,9028017.049615469
impact_region,Spain,production,Australia,3957.2738131981114
impact_region,Spain,production,Belgium,358089.6590588332
impact_region,Spain,production,Brazil,13869.171833701364
impact_region,Spain,production,Bulgaria,35006.86077259774
impact_region,Spain,production,Canada,7781.837351059875
impact_region,Spain,production,China,322462.79617695196
impact_region,Spain,production,Germany,675932.73500929
impact_region,Spain,production,India,10318.134666699816
impact_region,Spain,production,Indonesia,1336.4733718915736
impact_region,Spain,production,Japan,12168.591661258268
impact_region,Spain,production,Mexico,8930.740833173442
impact_region,Spain,production,Netherlands,1478495.7708714798
impact_region,Spain,production,Poland,67756.4274814862
impact_region,Spain,production,South Korea,40329.35849639463
impact_region,Spain,production,Russia,16605.70709270754
impact_region,Spain,production,Spain,4108290.0446741018
impact_region,Spain,production,USA,43708.184548432975
impact_region,Spain,production,RoW Asia Pacific,70407.29779520538
impact_region,Spain,production,RoW America,142330.7261076178
impact_region,Spain,production,RoW Africa,310591.43819583516
impact_region,Spain,production,RoW Middle East,103750.49510008987
impact_region,Spain,production,RoW Europe,1079840.4069481227
impact_region,USA,production,Australia,62255.3256332008
impact_region,USA,production,Belgium,1370735.2178848898
impact_region,USA,production,Brazil,519815.1908515085
impact_region,USA,production,Bulgaria,165624.63836811113
impact_region,USA,production,Canada,998634.4582221427
impact_region,USA,production,China,3490196.7429433847
impact_region,USA,production,Germany,3688488.588167008
impact_region,USA,production,India,549103.4630208827
impact_region,USA,production,Indonesia,32588.476739656995
impact_region,USA,production,Japan,458059.16335342225
impact_region,USA,production,Mexico,598179.7385908967
impact_region,USA,production,Netherlands,6362850.154364266
impact_region,USA,production,Poland,150970.87582093244
impact_region,USA,production,South Korea,662775.5537887064
impact_region,USA,production,Russia,115590.21806340823
impact_region,USA,production,Spain,923257.3300601826
impact_region,USA,production,USA,24425577.705590125
impact_region,USA,production,RoW Asia Pacific,983819.598521258
impact_region,USA,production,RoW America,2316537.6321231993
impact_region,USA,production,RoW Africa,324987.9833124135
impact_region,USA,production,RoW Middle East,349559.8858119806
impact_region,USA,production,RoW Europe,4208797.079967004
impact_region,RoW Asia Pacific,production,Australia,557736.1543671915
impact_region,RoW Asia Pacific,production,Belgium,3597319.8072483223
impact_region,RoW Asia Pacific,production,Brazil,143015.730700515
impact_region,RoW Asia Pacific,production,Bulgaria,1917996.6241254343
impact_region,RoW Asia Pacific,production,Canada,212979.51624052567
impact_region,RoW Asia Pacific,production,China,16606831.513859546
impact_region,RoW Asia Pacific,production,Germany,6746450.557247052
impact_region,RoW Asia Pacific,production,India,907389.9755114721
impact_region,RoW Asia Pacific,production,Indonesia,295930.3989609982
impact_region,RoW Asia Pacific,production,Japan,1589633.422056261
impact_region,RoW Asia Pacific,production,Mexico,79746.4389588116
impact_region,RoW Asia Pacific,production,Netherlands,36202431.19882611
impact_region,RoW Asia Pacific,production,Poland,446673.7409004395
impact_region,RoW Asia Pacific,production,South Korea,1263847.9630026035
impact_region,RoW Asia Pacific,production,Russia,2614088.98840507
impact_region,RoW Asia Pacific,production,Spain,700099.9988052701
impact_region,RoW Asia Pacific,production,USA,760874.2395839025
impact_region,RoW Asia Pacific,production,RoW Asia Pacific,53348901.426659085
impact_region,RoW Asia Pacific,production,RoW America,1287893.713361636
impact_region,RoW Asia Pacific,production,RoW Africa,534560.7329187087
impact_region,RoW Asia Pacific,production,RoW Middle East,833975.0533548509
impact_region,RoW Asia Pacific,production,RoW Europe,5325447.339380758
impact_region,RoW America,production,Australia,87171.4944852737
impact_region,RoW America,production,Belgium,1072016.465646841
impact_region,RoW America,production,Brazil,1496399.0977002066
impact_region,RoW America,production,Bulgaria,403231.0552575491
impact_region,RoW America,production,Canada,501493.5344809409
impact_region,RoW America,production,China,17242526.082049225
impact_region,RoW America,production,Germany,3705192.9766099374
impact_region,RoW America,production,India,689806.9387624633
impact_region,RoW America,production,Indonesia,28000.4544284871
impact_region,RoW America,production,Japan,2297096.9494362934
impact_region,RoW America,production,Mexico,146710.15884481595
impact_region,RoW America,production,Netherlands,8678727.349996325
impact_region,RoW America,production,Poland,137421.67642056226
impact_region,RoW America,production,South Korea,2351056.2815251974
impact_region,RoW America,production,Russia,1022685.4160715474
impact_region,RoW America,production,Spain,1281578.7224551036
impact_region,RoW America,production,USA,2916349.6225967603
impact_region,RoW America,production,RoW Asia Pacific,2572856.090782577
impact_region,RoW America,production,RoW America,27358576.474025425
impact_region,RoW America,production,RoW Africa,241479.0788108611
impact_region,RoW America,production,RoW Middle East,416669.6365694042
impact_region,RoW America,production,RoW Europe,3781119.5951297553
impact_region,RoW Africa,production,Australia,58329.385251717365
impact_region,RoW Africa,production,Belgium,1901103.696435271
impact_region,RoW Africa,production,Brazil,135192.13072671584
impact_region,RoW Africa,production,Bulgaria,649704.629515134
impact_region,RoW Africa,production,Canada,65250.807351580646
impact_region,RoW Africa,production,China,6507573.443482564
impact_region,RoW Africa,production,Germany,2332968.500373997
impact_region,RoW Africa,production,India,2907162.072016809
impact_region,RoW Africa,production,Indonesia,40397.63787071631
impact_region,RoW Africa,production,Japan,189779.74512654202
impact_region,RoW Africa,production,Mexico,27920.74506335376
impact_region,RoW Africa,production,Netherlands,10774258.39563587
impact_region,RoW Africa,production,Poland,373785.80913787585
impact_region,RoW Africa,production,South Korea,514882.9776334287
impact_region,RoW Africa,production,Russia,159958.99760217397
impact_region,RoW Africa,production,Spain,1654526.9912848617
impact_region,RoW Africa,production,USA,340738.184594289
impact_region,RoW Africa,production,RoW Asia Pacific,1424355.7229872202
impact_region,RoW Africa,production,RoW America,364779.3192380777
impact_region,RoW Africa,production,RoW Africa,75527039.56134813
impact_region,RoW Africa,production,RoW Middle East,1269626.57832417
impact_region,RoW Africa,production,RoW Europe,3479289.5592647246
impact_region,RoW Middle East,production,Australia,283600.5679448191
impact_region,RoW Middle East,production,Belgium,2297870.177640847
impact_region,RoW Middle East,production,Brazil,142727.2681021548
impact_region,RoW Middle East,production,Bulgaria,744492.0333260648
impact_region,RoW Middle East,production,Canada,1259653.6931803317
impact_region,RoW Middle East,production,China,14393664.75387453
impact_region,RoW Middle East,production,Germany,4178593.5577442804
impact_region,RoW Middle East,production,India,2456118.2711877106
impact_region,RoW Middle East,production,Indonesia,122463.7570776871
impact_region,RoW Middle East,production,Japan,2147874.0104383845
impact_region,RoW Middle East,production,Mexico,56535.51597916792
impact_region,RoW Middle East,production,Netherlands,9992767.67885215
impact_region,RoW Middle East,production,Poland,321597.6552273608
impact_region,RoW Middle East,production,South Korea,1532742.9652722066
impact_region,RoW Middle East,production,Russia,309616.95866862294
impact_region,RoW Middle East,production,Spain,346958.2044995831
impact_region,RoW Middle East,production,USA,823227.1002230013
impact_region,RoW Middle East,production,RoW Asia Pacific,2591896.003883981
impact_region,RoW Middle East,production,RoW America,382769.2994766267
impact_region,RoW Middle East,production,RoW Africa,1425444.3296689743
impact_region,RoW Middle East,production,RoW Middle East,131114906.62842819
impact_region,RoW Middle East,production,RoW Europe,4306707.621573502
impact_region,RoW Europe,production,Australia,69610.3462695094
impact_region,RoW Europe,production,Belgium,6123477.719039023
impact_region,RoW Europe,production,Brazil,120641.12318173499
impact_region,RoW Europe,production,Bulgaria,5502856.817990631
impact_region,RoW Europe,production,Canada,221054.68693272833
impact_region,RoW Europe,production,China,3318441.6505477317
impact_region,RoW Europe,production,Germany,19936862.54943308
impact_region,RoW Europe,production,India,167838.62326370206
impact_region,RoW Europe,production,Indonesia,44760.142668534645
impact_region,RoW Europe,production,Japan,212902.06022654305
impact_region,RoW Europe,production,Mexico,68375.89829035074
impact_region,RoW Europe,production,Netherlands,30353712.501612186
impact_region,RoW Europe,production,Poland,1943542.9614296025
impact_region,RoW Europe,production,South Korea,316363.26610081596
impact_region,RoW Europe,production,Russia,1221249.1104925657
impact_region,RoW Europe,production,Spain,1372615.0172660756
impact_region,RoW Europe,production,USA,950795.1367342885
impact_region,RoW Europe,production,RoW Asia Pacific,925965.8535870883
impact_region,RoW Europe,production,RoW America,1272383.406378809
impact_region,RoW Europe,production,RoW Africa,1259811.081688208
impact_region,RoW Europe,production,RoW Middle East,1128942.7245689922
impact_region,RoW Europe,production,RoW Europe,99667065.32635279
production,Australia,consumption,households,5889172.448887962
production,Australia,consumption,infrastructure,5270163.82350952
production,Australia,consumption,Other final demand,2729353.020654291
production,Belgium,consumption,households,11066282.63741922
production,Belgium,consumption,infrastructure,24157832.705915444
production,Belgium,consumption,Other final demand,4755352.092802646
production,Brazil,consumption,households,13620112.035732154
production,Brazil,consumption,infrastructure,8458293.317222303
production,Brazil,consumption,Other final demand,5625156.386013037
production,Bulgaria,consumption,households,7806394.401961277
production,Bulgaria,consumption,infrastructure,12049696.883593325
production,Bulgaria,consumption,Other final demand,2513867.0819175015
production,Canada,consumption,households,4300218.661325578
production,Canada,consumption,infrastructure,4986534.436652274
production,Canada,consumption,Other final demand,1578459.6052764505
production,China,consumption,households,132037359.93984589
production,China,consumption,infrastructure,152185434.01815593
production,China,consumption,Other final demand,36178872.39460505
production,Germany,consumption,households,27786633.271078043
production,Germany,consumption,infrastructure,69602646.18364461
production,Germany,consumption,Other final demand,13237258.802166322
production,India,consumption,households,23880437.60688573
production,India,consumption,infrastructure,30706720.335008547
production,India,consumption,Other final demand,6977412.70701764
production,Indonesia,consumption,households,12158533.173914498
production,Indonesia,consumption,infrastructure,11784420.094236825
production,Indonesia,consumption,Other final demand,3787499.5264847428
production,Japan,consumption,households,8717315.096623518
production,Japan,consumption,infrastructure,9143741.339860618
production,Japan,consumption,Other final demand,2511073.306738625
production,Mexico,consumption,households,2571689.9225752978
production,Mexico,consumption,infrastructure,3373710.00967813
production,Mexico,consumption,Other final demand,894662.7752830458
production,Netherlands,consumption,households,53858729.27027324
production,Netherlands,consumption,infrastructure,220559884.9848229
production,Netherlands,consumption,Other final demand,44903279.54196693
production,Poland,consumption,households,35123277.30162239
production,Poland,consumption,infrastructure,38856905.154139996
production,Poland,consumption,Other final demand,7792515.334261132
production,South Korea,consumption,households,9477422.451681184
production,South Korea,consumption,infrastructure,8695596.407339644
production,South Korea,consumption,Other final demand,2467004.9796332764
production,Russia,consumption,households,7238614.003834024
production,Russia,consumption,infrastructure,23565778.780454785
production,Russia,consumption,Other final demand,4909154.084671478
production,Spain,consumption,households,6489475.840245904
production,Spain,consumption,infrastructure,9108517.56951412
production,Spain,consumption,Other final demand,2827099.2754009576
production,USA,consumption,households,14785158.168436294
production,USA,consumption,infrastructure,16580112.666290067
production,USA,consumption,Other final demand,5909295.174528991
production,RoW Asia Pacific,consumption,households,36011327.76105157
production,RoW Asia Pacific,consumption,infrastructure,32687688.243554194
production,RoW Asia Pacific,consumption,Other final demand,10754809.932968294
production,RoW America,consumption,households,16599092.736449238
production,RoW America,consumption,infrastructure,17108790.50479283
production,RoW America,consumption,Other final demand,5497944.414490288
production,RoW Africa,consumption,households,30946403.792866558
production,RoW Africa,consumption,infrastructure,39717176.76392143
production,RoW Africa,consumption,Other final demand,12129457.181096423
production,RoW Middle East,consumption,households,58994710.257261455
production,RoW Middle East,consumption,infrastructure,53295769.573321715
production,RoW Middle East,consumption,Other final demand,27993326.349649437
production,RoW Europe,consumption,households,56525866.92205149
production,RoW Europe,consumption,infrastructure,87902178.93769623
production,RoW Europe,consumption,Other final demand,20081178.99547635
consumption,households,End-use,manufacturing,179041248.58809415
consumption,households,End-use,machinery electronics,152675121.93184507
consumption,households,End-use,transportation,74038543.45430726
consumption,households,End-use,construction,4853433.071483169
consumption,households,End-use,service,98946790.5644326
consumption,households,End-use,other_sec,66329090.091860235
consumption,infrastructure,End-use,manufacturing,190707759.84335265
consumption,infrastructure,End-use,machinery electronics,213375988.08512935
consumption,infrastructure,End-use,transportation,64450920.014262624
consumption,infrastructure,End-use,construction,343029693.66688263
consumption,infrastructure,End-use,service,36026475.8682451
consumption,infrastructure,End-use,other_sec,32206755.255453173
consumption,Other final demand,End-use,manufacturing,49511294.96869921
consumption,Other final demand,End-use,machinery electronics,11035696.907039955
consumption,Other final demand,End-use,transportation,1172129.4149454883
consumption,Other final demand,End-use,construction,3074972.0637929696
consumption,Other final demand,End-use,service,138595539.474167
consumption,Other final demand,End-use,other_sec,22664400.134458352
